Submission id,Participant id,Status,Started at,Completed at,Reviewed at,Archived at,Time taken,Completion code,Total approvals,Employment-sector,Age,Sex,Ethnicity simplified,Country of birth,Country of residence,Nationality,Language,Student status,Employment status
643ad94e87855db823797453,6303c76f9b47f2b53cc038d3,APPROVED,2023-04-15T17:05:21.519000Z,2023-04-15T17:06:26.417000Z,2023-04-15T17:06:26.905000,2023-04-15T17:06:26.836950Z,65,CE3DWF28,81,Education & Training,29,Male,White,United States,United States,United States,English,No,Full-Time
643ada1398ee9324110a2fcc,629e1dcac03690dc02e2859c,APPROVED,2023-04-15T17:08:37.945000Z,2023-04-15T17:09:43.740000Z,2023-04-15T17:09:44.197000,2023-04-15T17:09:44.122854Z,66,CE3DWF28,1898,Education & Training,30,Male,White,United States,United States,United States,English,No,Full-Time
643add75d6541a3eb9cd6214,5ccedad53734bb001b27a68b,APPROVED,2023-04-15T17:23:06.590000Z,2023-04-15T17:27:15.397000Z,2023-04-15T17:27:15.889000,2023-04-15T17:27:15.832721Z,249,CE3DWF28,1467,Education & Training,54,Female,White,United States,United States,United States,English,No,Full-Time
643adf2e960082eae52abf60,5be8de2ed3560900015c743a,APPROVED,2023-04-15T17:30:26.132000Z,2023-04-15T17:31:33.483000Z,2023-04-15T17:31:34.113000,2023-04-15T17:31:34.028496Z,68,CE3DWF28,4474,Education & Training,57,Female,White,United States,United States,United States,English,No,Full-Time
643adfa65f25bf31bf17373a,5e3c1c2e97ffb2000cac32b6,APPROVED,2023-04-15T17:32:24.461000Z,2023-04-15T17:33:47.293000Z,2023-04-15T17:33:47.671000,2023-04-15T17:33:47.614573Z,83,CE3DWF28,503,Education & Training,27,Female,White,United States,United States,United States,English,No,Full-Time
643ae2dd06fecf0e3f2abebe,60fd9bb007743e0d7ecbaac4,APPROVED,2023-04-15T17:46:08.505000Z,2023-04-15T17:49:31.645000Z,2023-04-15T17:49:32.175000,2023-04-15T17:49:32.106236Z,204,CE3DWF28,2408,Education & Training,45,Female,Black,United States,United States,United States,English,DATA_EXPIRED,DATA_EXPIRED
643ae3730005596c07713bc2,6108bae61196a3bd6fc3a24b,APPROVED,2023-04-15T17:48:40.322000Z,2023-04-15T17:50:40.452000Z,2023-04-15T17:50:40.896000,2023-04-15T17:50:40.828177Z,121,CE3DWF28,1324,Education & Training,28,Female,White,United States,United States,United States,English,Yes,Full-Time
643ae46a1beb912af3dc45ee,64012dd5c39978def2518c84,APPROVED,2023-04-15T17:52:51.644000Z,2023-04-15T17:54:04.469000Z,2023-04-15T17:54:04.937000,2023-04-15T17:54:04.855206Z,73,CE3DWF28,206,Education & Training,19,Female,Black,United States,United States,United States,English,Yes,Part-Time
643ae4c480a1a9d35793d8b4,5cf1e3a5859c2100191124b2,APPROVED,2023-04-15T17:54:16.859000Z,2023-04-15T17:56:08.391000Z,2023-04-15T17:56:08.831000,2023-04-15T17:56:08.756248Z,112,CE3DWF28,34,Education & Training,41,Male,White,United States,United States,United States,English,No,Full-Time
643ae73e94066ba1d393d8d5,5e04c5327dd477f212afbfad,APPROVED,2023-04-15T18:04:50.758000Z,2023-04-15T18:06:40.834000Z,2023-04-15T18:06:41.438000,2023-04-15T18:06:41.363595Z,111,CE3DWF28,352,Education & Training,44,Male,White,United States,United States,United States,English,Yes,Part-Time
643ae854ca3aa075b67973b0,63b0644f614d18abfcfcacfe,APPROVED,2023-04-15T18:09:29.280000Z,2023-04-15T18:12:02.803000Z,2023-04-15T18:12:03.283000,2023-04-15T18:12:03.211135Z,154,CE3DWF28,109,Education & Training,51,Female,White,Japan,United States,United States,English,No,Part-Time
643ae858059ec1aaec955867,55a55bd7fdf99b790558627c,APPROVED,2023-04-15T18:09:30.994000Z,2023-04-15T18:11:17.921000Z,2023-04-15T18:11:18.446000,2023-04-15T18:11:18.356726Z,107,CE3DWF28,3127,Education & Training,44,Female,White,United States,United States,United States,Esperanto,DATA_EXPIRED,DATA_EXPIRED
643ae8a593ffe6433ce06510,5e402dcd7b260d000a7b69fe,APPROVED,2023-04-15T18:10:47.946000Z,2023-04-15T18:11:38.008000Z,2023-04-15T18:11:38.527000,2023-04-15T18:11:38.442133Z,51,CE3DWF28,3282,Education & Training,37,Female,White,United States,United States,United States,English,No,Full-Time
643ae8c49a9c7420ac2cd8b2,60802d028176cca5b665920b,APPROVED,2023-04-15T18:11:22.056000Z,2023-04-15T18:13:02.071000Z,2023-04-15T18:13:02.563000,2023-04-15T18:13:02.485763Z,101,CE3DWF28,571,Education & Training,24,Female,White,United States,United States,United States,English,Yes,Other
643ae8c5bdb98f1c0a2f28fc,5c6f2e7632cb70000169b490,APPROVED,2023-04-15T18:11:20.022000Z,2023-04-15T18:13:46.603000Z,2023-04-15T18:13:52.050000,2023-04-15T18:13:49.164387Z,147,CE3DWF28,3612,Education & Training,47,Female,Black,United States,United States,United States,English,No,Full-Time
643ae8d49edd2bb72265d520,5f1319143fdcd700091a41d4,APPROVED,2023-04-15T18:11:40.985000Z,2023-04-15T18:15:56.776000Z,2023-04-15T18:15:57.296000,2023-04-15T18:15:57.222230Z,256,CE3DWF28,4550,Education & Training,33,Female,White,United States,United States,United States,English,No,Full-Time
643ae8e002aac70a4ae3e081,611545776d3931006e1913eb,APPROVED,2023-04-15T18:11:46.495000Z,2023-04-15T18:13:21.601000Z,2023-04-15T18:13:23.802000,2023-04-15T18:13:23.721788Z,96,CE3DWF28,484,Education & Training,27,Male,White,United States,United States,United States,English,Yes,Full-Time
643ae903a46340ce4365d514,630051de1dfc7f3ba6bb40cc,APPROVED,2023-04-15T18:12:22.979000Z,2023-04-15T18:13:17.855000Z,2023-04-15T18:13:18.376000,2023-04-15T18:13:18.380096Z,55,CE3DWF28,1077,Education & Training,27,Male,Asian,United States,United States,United States,English,DATA_EXPIRED,DATA_EXPIRED
643ae905019c0fa04bf91056,633f050f498936a87592181c,APPROVED,2023-04-15T18:12:25.692000Z,2023-04-15T18:15:18.167000Z,2023-04-15T18:15:18.662000,2023-04-15T18:15:18.593594Z,173,CE3DWF28,1374,Education & Training,62,Female,White,United States,United States,United States,English,No,Part-Time
643ae9b3275d58332b8b6f6a,628f83dc5398c04bac86f9e6,APPROVED,2023-04-15T18:15:19.121000Z,2023-04-15T18:17:04.321000Z,2023-04-15T18:17:04.785000,2023-04-15T18:17:04.709487Z,106,CE3DWF28,2345,Education & Training,38,Male,White,United States,United States,United States,English,No,Full-Time
643ae9b35f993c01d50238c8,5edd3d8267f8fc0c4d67bc00,APPROVED,2023-04-15T18:15:18.550000Z,2023-04-15T18:16:41.305000Z,2023-04-15T18:16:41.729000,2023-04-15T18:16:41.658510Z,83,CE3DWF28,3224,Education & Training,39,Male,White,United States,United States,United States,English,Yes,Full-Time
643ae9beb65377151ce06494,60067fd5329f8f92a34200d3,APPROVED,2023-04-15T18:15:31.048000Z,2023-04-15T18:16:44.873000Z,2023-04-15T18:16:45.479000,2023-04-15T18:16:45.403459Z,74,CE3DWF28,779,Education & Training,28,Male,White,United States,United States,United States,English,No,Full-Time
643ae9c23d415982cd1974af,60d013c844b649ad5b781aa5,APPROVED,2023-04-15T18:15:33.558000Z,2023-04-15T18:16:49.520000Z,2023-04-15T18:16:50.022000,2023-04-15T18:16:49.945720Z,76,CE3DWF28,284,Education & Training,31,Female,White,United States,United States,United States,English,Yes,Full-Time
643ae9df495279fa8b22f033,614f23fabc0fcaa3cdfb9e05,APPROVED,2023-04-15T18:16:02.438000Z,2023-04-15T18:17:47.948000Z,2023-04-15T18:17:48.417000,2023-04-15T18:17:48.345248Z,106,CE3DWF28,2982,Education & Training,47,Female,White,United States,United States,United States,English,No,Part-Time
643ae9f9b3718e70cbbc25c1,60fe1ac35857bd81dfd311d5,APPROVED,2023-04-15T18:16:29.182000Z,2023-04-15T18:18:17.967000Z,2023-04-15T18:18:18.463000,2023-04-15T18:18:18.387762Z,109,CE3DWF28,520,Education & Training,25,Male,White,United States,United States,United States,English,DATA_EXPIRED,DATA_EXPIRED
643aea807b491b4b96141a1a,63a0d718bbed03d92665039e,APPROVED,2023-04-15T18:18:42.984000Z,2023-04-15T18:20:00.217000Z,2023-04-15T18:20:02.571000,2023-04-15T18:20:02.491746Z,78,CE3DWF28,505,Education & Training,54,Female,White,United States,United States,United States,English,No,Part-Time
643aea8b3c152ea88560e42a,59e62b6277860e0001512e14,APPROVED,2023-04-15T18:18:56.070000Z,2023-04-15T18:21:38.410000Z,2023-04-15T18:21:38.926000,2023-04-15T18:21:38.850606Z,163,CE3DWF28,3785,Education & Training,69,Male,Mixed,Cuba,United States,United States,English,DATA_EXPIRED,DATA_EXPIRED
643aeb4a64b806f85e3adead,614fbb4467c4c74f573a94d3,APPROVED,2023-04-15T18:22:02.969000Z,2023-04-15T18:23:00.879000Z,2023-04-15T18:23:01.578000,2023-04-15T18:23:01.491278Z,58,CE3DWF28,3825,Education & Training,40,Male,White,United States,United States,United States,English,No,Full-Time
643aeb9afb8bdbc8dadc458f,5b55da633741e80001c88093,APPROVED,2023-04-15T18:23:26.840000Z,2023-04-15T18:25:28.144000Z,2023-04-15T18:25:28.782000,2023-04-15T18:25:28.700542Z,122,CE3DWF28,269,Education & Training,39,Female,White,United States,United States,United States,English,DATA_EXPIRED,DATA_EXPIRED
643aebd1546704d8b165d571,6101caab1315f0a3159be863,APPROVED,2023-04-15T18:24:22.036000Z,2023-04-15T18:26:25.109000Z,2023-04-15T18:26:25.583000,2023-04-15T18:26:25.522529Z,124,CE3DWF28,547,Education & Training,28,Female,White,United States,United States,United States,English,DATA_EXPIRED,DATA_EXPIRED
643aebe201b69cbfaf51223b,5dd43df7e0b21b434418ae6c,APPROVED,2023-04-15T18:24:37.762000Z,2023-04-15T18:25:45.022000Z,2023-04-15T18:25:46.115000,2023-04-15T18:25:46.059135Z,68,CE3DWF28,765,Education & Training,24,Female,White,United States,United States,United States,English,No,Full-Time
643aebe4f1677d810edc45ff,613d3cb06964f7c524a78ed0,APPROVED,2023-04-15T18:24:43.089000Z,2023-04-15T18:27:31.141000Z,2023-04-15T18:27:31.594000,2023-04-15T18:27:31.529788Z,169,CE3DWF28,1212,Education & Training,52,Female,Black,United States,United States,United States,English,No,Part-Time
643aebfea0757566420a2f52,5ed731509a2ae019f3f4f6ea,APPROVED,2023-04-15T18:25:06.272000Z,2023-04-15T18:26:29.786000Z,2023-04-15T18:26:30.271000,2023-04-15T18:26:30.186047Z,84,CE3DWF28,881,Education & Training,31,Female,White,United States,United States,United States,English,DATA_EXPIRED,DATA_EXPIRED
643aec1e624bf027b0e3e04e,6316c38449466a362ee07be9,APPROVED,2023-04-15T18:25:38.090000Z,2023-04-15T18:29:11.753000Z,2023-04-15T18:29:12.188000,2023-04-15T18:29:12.109035Z,214,CE3DWF28,937,Education & Training,19,Male,White,United States,United States,United States,English,Yes,Part-Time
643aec4dea5001862d7b3ec8,610d3f2e9d2333e4a86ca9bc,APPROVED,2023-04-15T18:26:25.117000Z,2023-04-15T18:28:40.124000Z,2023-04-15T18:28:40.559000,2023-04-15T18:28:40.471992Z,136,CE3DWF28,1807,Education & Training,62,Female,White,United States,United States,United States,English,No,DATA_EXPIRED
643aecc878c444869b1b23b0,5f1b2a0146ce431186055813,APPROVED,2023-04-15T18:28:27.030000Z,2023-04-15T18:30:03.971000Z,2023-04-15T18:30:05.529000,2023-04-15T18:30:05.452871Z,97,CE3DWF28,1736,Education & Training,39,Male,White,United States,United States,United States,English,DATA_EXPIRED,DATA_EXPIRED
643aecdeaebd104a04992a42,5e52981996dbff2a92ccbd24,APPROVED,2023-04-15T18:28:48.314000Z,2023-04-15T18:29:45.462000Z,2023-04-15T18:29:45.915000,2023-04-15T18:29:45.852812Z,58,CE3DWF28,270,Education & Training,27,Female,White,United States,United States,United States,English,No,Full-Time
643aeceda7fbc2ff9e141a3a,61338374ecef87bfdfd1c7bb,APPROVED,2023-04-15T18:29:01.853000Z,2023-04-15T18:30:27.499000Z,2023-04-15T18:30:27.998000,2023-04-15T18:30:27.915177Z,86,CE3DWF28,2498,Education & Training,20,Male,White,United States,United States,United States,English,Yes,Part-Time
643aed1064b806f85e3adee1,63d3ff28c338c75425b282b9,APPROVED,2023-04-15T18:29:42.338000Z,2023-04-15T18:31:47.610000Z,2023-04-15T18:31:48.162000,2023-04-15T18:31:48.088541Z,126,CE3DWF28,374,Education & Training,46,Male,White,United States,United States,United States,English,No,Full-Time
643aed146785b9f4449929f9,5ed0658e8fec6c13e6e6f154,APPROVED,2023-04-15T18:29:44.617000Z,2023-04-15T18:31:29.259000Z,2023-04-15T18:31:29.761000,2023-04-15T18:31:29.688018Z,105,CE3DWF28,688,Education & Training,30,Male,White,United States,United States,United States,English,Yes,Part-Time
643aed4461e80ac0c23bc637,5ab09384e1546900019b154c,APPROVED,2023-04-15T18:30:30.574000Z,2023-04-15T18:31:38.679000Z,2023-04-15T18:31:39.211000,2023-04-15T18:31:39.136398Z,69,CE3DWF28,1250,Education & Training,25,Female,Asian,United States,United States,United States,English,No,Full-Time
643aed45208a7f23aae31306,60944d2c3e5e5ae1c1644313,APPROVED,2023-04-15T18:30:35.733000Z,2023-04-15T18:33:14.126000Z,2023-04-15T18:33:14.614000,2023-04-15T18:33:14.534773Z,159,CE3DWF28,112,Education & Training,44,Female,White,United States,United States,United States,English,DATA_EXPIRED,Full-Time
643aedcb1dc7f2862bbc25aa,6068f61c52d7168e0c8b049f,APPROVED,2023-04-15T18:32:47.554000Z,2023-04-15T18:34:40.147000Z,2023-04-15T18:34:40.641000,2023-04-15T18:34:40.572904Z,113,CE3DWF28,1535,Education & Training,36,Female,White,United States,United States,United States,English,No,Full-Time
643aedfd01e7caf0b33398d7,62f406ea9d51a0dd13658afd,APPROVED,2023-04-15T18:33:49.319000Z,2023-04-15T18:35:46.462000Z,2023-04-15T18:35:47.014000,2023-04-15T18:35:46.918195Z,118,CE3DWF28,1595,Education & Training,22,Male,Asian,United States,United States,United States,English,Yes,Part-Time
643aee413a67ec522d65d521,5ecc6ffce3ca77849333e83e,APPROVED,2023-04-15T18:34:44.215000Z,2023-04-15T18:36:26.561000Z,2023-04-15T18:36:27.112000,2023-04-15T18:36:27.035636Z,103,CE3DWF28,3872,Education & Training,DATA_EXPIRED,Male,Asian,Australia,United States,United States,English,No,Full-Time
643aeea4ccdb79665f672d56,5a6b4cd2d5d4cb0001d64740,APPROVED,2023-04-15T18:36:41.907000Z,2023-04-15T18:39:00.213000Z,2023-04-15T18:39:04.209000,2023-04-15T18:39:01.096696Z,139,CE3DWF28,2851,Education & Training,34,Female,White,United States,United States,United States,English,No,Full-Time
643aeeb3d1b0690120aa4ed6,569298838d93fe000dfa033c,APPROVED,2023-04-15T18:36:39.432000Z,2023-04-15T18:38:53.811000Z,2023-04-15T18:38:54.233000,2023-04-15T18:38:54.149727Z,135,CE3DWF28,5483,Education & Training,71,Female,White,United States,United States,United States,English,No,Part-Time
643aef0441603d2cdf173725,63fa812428f289c772131458,APPROVED,2023-04-15T18:38:00.476000Z,2023-04-15T18:39:33.592000Z,2023-04-15T18:39:34.021000,2023-04-15T18:39:33.948827Z,94,CE3DWF28,340,Education & Training,55,Female,White,United States,United States,United States,English,No,Full-Time
643aef9e585096f9b4e21e2d,5fc1c035ac92312b4c2e6bab,APPROVED,2023-04-15T18:40:33.620000Z,2023-04-15T18:41:54.248000Z,2023-04-15T18:41:54.779000,2023-04-15T18:41:54.714080Z,81,CE3DWF28,1356,Education & Training,30,Female,White,United States,United States,United States,English,Yes,Part-Time
643aefd005564e65c7f910d9,61086dd335b5043ec71b99b5,APPROVED,2023-04-15T18:41:23.297000Z,2023-04-15T18:43:19.975000Z,2023-04-15T18:43:20.777000,2023-04-15T18:43:20.689016Z,117,CE3DWF28,1997,Education & Training,28,Female,White,United States,United States,United States,English,No,Full-Time
643aefd92ff9ad650280628c,60fef1fb6485e6bd5c73e0ab,APPROVED,2023-04-15T18:41:34.186000Z,2023-04-15T18:45:28.171000Z,2023-04-15T18:45:28.662000,2023-04-15T18:45:28.589943Z,234,CE3DWF28,1110,Education & Training,58,Female,White,United States,United States,United States,English,DATA_EXPIRED,DATA_EXPIRED
643af01f80a0432a459558a0,6107acfe97c63575a2344e36,APPROVED,2023-04-15T18:42:43.773000Z,2023-04-15T18:43:45.215000Z,2023-04-15T18:43:45.866000,2023-04-15T18:43:45.795976Z,62,CE3DWF28,2065,Education & Training,24,Female,Black,United States,United States,United States,English,No,Part-Time
643af03a505f77572f70c7ac,5e86d1f93dabf430fb29de52,APPROVED,2023-04-15T18:43:09.300000Z,2023-04-15T18:44:05.035000Z,2023-04-15T18:44:05.483000,2023-04-15T18:44:05.406865Z,56,CE3DWF28,602,Education & Training,35,Male,White,United States,United States,United States,English,No,Full-Time
643af047df9085eb851b23b5,5b67bffa9ed653000189ff3c,APPROVED,2023-04-15T18:43:22.213000Z,2023-04-15T18:44:27.416000Z,2023-04-15T18:44:27.841000,2023-04-15T18:44:27.768950Z,66,CE3DWF28,1618,Education & Training,31,Male,White,United States,United States,United States,English,Yes,Full-Time
643af058fd0e842f0796d551,568899d9d7848e0005399c6b,APPROVED,2023-04-15T18:43:39.757000Z,2023-04-15T18:45:35.150000Z,2023-04-15T18:45:35.678000,2023-04-15T18:45:35.599962Z,116,CE3DWF28,5329,Education & Training,DATA_EXPIRED,Male,White,United States,United States,United States,English,No,Full-Time
643af092fd0e842f0796d556,63d15d3dd6cacf7e94f8c0b1,APPROVED,2023-04-15T18:44:39.653000Z,2023-04-15T18:46:51.102000Z,2023-04-15T18:46:51.558000,2023-04-15T18:46:51.485520Z,132,CE3DWF28,282,Education & Training,40,Male,White,United States,United States,United States,English,No,Full-Time
643af0e4caa2bcc6c38062f3,5b287b1a8ecf3f000161bc22,APPROVED,2023-04-15T18:46:00.291000Z,2023-04-15T18:47:29.128000Z,2023-04-15T18:47:29.830000,2023-04-15T18:47:29.763769Z,89,CE3DWF28,1036,Education & Training,26,Female,White,United States,United States,United States,English,No,Part-Time
643af0f6a142c40b7fe905c8,55ae64defdf99b3f864653e7,APPROVED,2023-04-15T18:46:17.543000Z,2023-04-15T18:47:02.111000Z,2023-04-15T18:47:02.584000,2023-04-15T18:47:02.507639Z,45,CE3DWF28,1361,Education & Training,27,Female,White,United States,United States,United States,English,No,Full-Time
643af11ed89f0e43a722f08d,5e3581ed0082f15283413024,APPROVED,2023-04-15T18:47:10.560000Z,2023-04-15T18:50:00.519000Z,2023-04-15T18:50:01.029000,2023-04-15T18:50:00.964247Z,170,CE3DWF28,4989,Education & Training,62,Male,White,Italy,United States,United States,Italian,No,Full-Time
643af1314010fb16897b3eec,58d876b14240e50001190090,APPROVED,2023-04-15T18:47:16.751000Z,2023-04-15T18:48:21.060000Z,2023-04-15T18:48:21.515000,2023-04-15T18:48:21.446287Z,65,CE3DWF28,4421,Education & Training,51,Male,White,United States,United States,United States,English,No,Full-Time
643af142092a6e8a03e312d7,614df4fe66306d872bf6b288,APPROVED,2023-04-15T18:47:33.596000Z,2023-04-15T18:49:16.381000Z,2023-04-15T18:49:16.786000,2023-04-15T18:49:16.721346Z,103,CE3DWF28,1098,Education & Training,50,Male,White,United States,United States,United States,English,No,Full-Time
643af19fa20214a747e3e0c4,5f24b0fc546c5a0c3c2e43b6,APPROVED,2023-04-15T18:49:06.097000Z,2023-04-15T18:52:37.177000Z,2023-04-15T18:52:37.600000,2023-04-15T18:52:37.539343Z,212,CE3DWF28,2805,Education & Training,39,Female,White,United States,United States,United States,English,No,Full-Time
643af1a25b936a433f797428,5751f576a9de4b0006e557b9,APPROVED,2023-04-15T18:49:10.623000Z,2023-04-15T18:56:56.823000Z,2023-04-15T18:56:57.304000,2023-04-15T18:56:57.223016Z,467,CE3DWF28,1317,Education & Training,43,Male,White,United States,United States,United States,English,DATA_EXPIRED,DATA_EXPIRED
643af1a5c7adac117293d8fa,5c745295821a97001763fb1b,APPROVED,2023-04-15T18:49:17.751000Z,2023-04-15T18:53:31.959000Z,2023-04-15T18:53:32.564000,2023-04-15T18:53:32.491897Z,255,CE3DWF28,2235,Education & Training,61,Female,Black,United States,United States,United States,English,No,DATA_EXPIRED
643af1a7b32968afba7b3ecd,63df1d550a6028079e564d7e,APPROVED,2023-04-15T18:49:14.367000Z,2023-04-15T18:51:06.272000Z,2023-04-15T18:51:06.765000,2023-04-15T18:51:06.689818Z,112,CE3DWF28,468,Education & Training,53,Female,White,United States,United States,United States,English,No,Full-Time
643af1ac43263294fc1419ee,6116c9b6db8511d0a58bdec9,APPROVED,2023-04-15T18:49:18.976000Z,2023-04-15T18:50:58.767000Z,2023-04-15T18:50:59.291000,2023-04-15T18:50:59.216090Z,100,CE3DWF28,1104,Education & Training,40,Male,White,United States,United States,United States,English,No,Full-Time
643af1c03b1be765dc8b0bb4,60fd080d5476f4a77211bafb,APPROVED,2023-04-15T18:49:39.595000Z,2023-04-15T18:51:24.962000Z,2023-04-15T18:51:25.407000,2023-04-15T18:51:25.333267Z,106,CE3DWF28,2201,Education & Training,34,Female,White,United States,United States,United States,English,No,Full-Time
643af1cc13bed72e8965d52b,62e0326dbbda328df3ceade2,APPROVED,2023-04-15T18:49:50.757000Z,2023-04-15T18:51:22.320000Z,2023-04-15T18:51:22.706000Z,2023-04-15T18:51:24.109844Z,92,CE3DWF28,1851,Education & Training,45,Female,White,United States,United States,United States,English,No,Full-Time
643af25e84a0fba8e97973dd,63e2efb080652555c6d566cb,APPROVED,2023-04-15T18:52:18.950000Z,2023-04-15T18:53:20.707000Z,2023-04-15T18:53:21.146000,2023-04-15T18:53:21.072439Z,62,CE3DWF28,562,Education & Training,53,Male,White,United States,United States,United States,English,No,Full-Time
643af2a369c7f03c3e2abec1,60fcf7102d7c9907d95a0920,APPROVED,2023-04-15T18:53:28.579000Z,2023-04-15T18:55:33.749000Z,2023-04-15T18:55:34.334000,2023-04-15T18:55:34.257837Z,126,CE3DWF28,292,Education & Training,25,Female,White,United States,United States,United States,English,Yes,Part-Time
643af2a81888a1eb728b7020,5f39ae82822a9e558a63d053,APPROVED,2023-04-15T18:53:31.800000Z,2023-04-15T18:55:41.085000Z,2023-04-15T18:55:41.519000,2023-04-15T18:55:41.461075Z,130,CE3DWF28,2183,Education & Training,32,Female,White,United States,United States,United States,English,No,Full-Time
643af2c6e9e2aaea8e65d580,609c6cc79875c8f0ba5d2242,APPROVED,2023-04-15T18:54:05.084000Z,2023-04-15T18:55:37.321000Z,2023-04-15T18:55:37.754000,2023-04-15T18:55:37.684901Z,93,CE3DWF28,2973,Education & Training,61,Female,White,Germany,United States,United States,German,No,Full-Time
643af2ddb3fb075d212cd880,5e88bbc1cd23220008a323a1,APPROVED,2023-04-15T18:54:25.597000Z,2023-04-15T18:55:36.649000Z,2023-04-15T18:55:37.191000,2023-04-15T18:55:37.108840Z,72,CE3DWF28,2331,Education & Training,57,Male,White,United States,United States,United States,English,No,Full-Time
643af346255380cc5bd976d9,5e9478af94a98c7c8a1d8a6a,APPROVED,2023-04-15T18:56:10.093000Z,2023-04-15T18:57:45.176000Z,2023-04-15T18:57:47.017000,2023-04-15T18:57:46.948205Z,96,CE3DWF28,303,Education & Training,33,Female,White,United States,United States,United States,English,Yes,Part-Time
643af350216face0ca0a2f40,60fc9ce95a59b3400b38e2a7,APPROVED,2023-04-15T18:56:19.324000Z,2023-04-15T18:58:20.461000Z,2023-04-15T18:58:20.976000,2023-04-15T18:58:20.910673Z,122,CE3DWF28,562,Education & Training,23,Female,White,United States,United States,United States,English,Yes,Part-Time
643af38b7cfa0b624a22f03e,5c7f2dc436ad0a00110bb122,APPROVED,2023-04-15T18:57:19.190000Z,2023-04-15T18:58:58.275000Z,2023-04-15T18:58:58.756000,2023-04-15T18:58:58.694963Z,100,CE3DWF28,4099,Education & Training,37,Male,Asian,United States,United States,United States,English,No,Full-Time
643af3d0ce2e76e3ab713c1d,6400eea126c44543bb49dc75,APPROVED,2023-04-15T18:58:27.213000Z,2023-04-15T19:01:06.882000Z,2023-04-15T19:01:07.394000,2023-04-15T19:01:07.315993Z,160,CE3DWF28,302,Education & Training,38,Male,White,United States,United States,United States,English,No,Full-Time
643af3d80a33605ed88b0b43,6101bb1f660cef21e0ed290e,APPROVED,2023-04-15T18:58:35.033000Z,2023-04-15T18:59:17.721000Z,2023-04-15T18:59:18.295000,2023-04-15T18:59:18.217713Z,43,CE3DWF28,2074,Education & Training,21,Female,White,United States,United States,United States,English,Yes,Full-Time
643af3e2ae58cbb1dbb81c2d,60fef28e12a3630071ea24f2,APPROVED,2023-04-15T18:58:46.054000Z,2023-04-15T19:01:56.226000Z,2023-04-15T19:01:56.739000,2023-04-15T19:01:56.659785Z,191,CE3DWF28,278,Education & Training,31,Female,White,United States,United States,United States,English,No,Full-Time
643af413daad59b029023884,6098164e4c37ed73ca9c74f5,APPROVED,2023-04-15T19:02:39.696000Z,2023-04-15T19:04:17.007000Z,2023-04-15T19:04:17.442000,2023-04-15T19:04:17.365577Z,98,CE3DWF28,1882,Education & Training,20,Female,White,United States,United States,United States,English,Yes,Part-Time
643af44df2961b518e60e492,57a08ec3dcff7d0001c7ce99,APPROVED,2023-04-15T19:00:33.081000Z,2023-04-15T19:01:41.544000Z,2023-04-15T19:01:42.032000,2023-04-15T19:01:41.954298Z,69,CE3DWF28,4295,Education & Training,41,Female,White,United States,United States,United States,English,No,Full-Time
643af45a95df76839c24e084,5e975ea254955d0bfe9f7929,APPROVED,2023-04-15T19:00:42.735000Z,2023-04-15T19:02:49.010000Z,2023-04-15T19:02:49.491000Z,2023-04-15T19:02:49.972605Z,127,CE3DWF28,3631,Education & Training,65,Female,White,United States,United States,United States,English,No,Full-Time
643af49f5e68b93fc9e6d66c,61145756ce87dfb4f4456fe6,APPROVED,2023-04-15T19:01:54.905000Z,2023-04-15T19:03:06.511000Z,2023-04-15T19:03:06.985000,2023-04-15T19:03:06.912424Z,72,CE3DWF28,413,Education & Training,22,Female,Mixed,United States,United States,United States,English,Yes,Part-Time
643af4cd65e500c0258b6fb4,5cab69f77ea4a700019a87dc,APPROVED,2023-04-15T19:03:16.447000Z,2023-04-15T19:05:33.908000Z,2023-04-15T19:05:34.607000,2023-04-15T19:05:34.530351Z,138,CE3DWF28,4199,Education & Training,61,Female,White,United States,United States,United States,English,No,Part-Time
643af5095b2e79baede905d4,60dbf6f5a1694ed71ee0fd7f,APPROVED,2023-04-15T19:03:42.173000Z,2023-04-15T19:05:59.835000Z,2023-04-15T19:06:00.312000,2023-04-15T19:06:00.241094Z,138,CE3DWF28,1202,Education & Training,34,Female,White,United States,United States,United States,English,No,Other
643af536edcd784fd54788ce,601c696f0370f35c7883cf99,APPROVED,2023-04-15T19:04:27.845000Z,2023-04-15T19:05:18.501000Z,2023-04-15T19:05:18.965000,2023-04-15T19:05:18.895113Z,51,CE3DWF28,2685,Education & Training,27,Male,Asian,Philippines,United States,United States,Tagalog-Filipino,Yes,Full-Time
643af555af73a74f4fdc4605,5ffd055afa9eac21f6e8bc6f,APPROVED,2023-04-15T19:04:56.130000Z,2023-04-15T19:06:52.230000Z,2023-04-15T19:06:53.018000,2023-04-15T19:06:52.949762Z,117,CE3DWF28,1821,Education & Training,63,Female,White,United States,United States,United States,English,No,Full-Time
643af5857767c16352001aa8,6330deabf9912c7e44d35a69,APPROVED,2023-04-15T19:05:44.145000Z,2023-04-15T19:07:19.531000Z,2023-04-15T19:07:20.028000Z,2023-04-15T19:07:20.478741Z,96,CE3DWF28,1310,Education & Training,33,Male,White,United States,United States,United States,English,No,Full-Time
643af5c47c3316a23e672d2c,628678ca852c5ee97a800552,APPROVED,2023-04-15T19:06:48.604000Z,2023-04-15T19:08:29.259000Z,2023-04-15T19:08:29.820000,2023-04-15T19:08:29.703478Z,101,CE3DWF28,1248,Education & Training,37,Female,White,United States,United States,United States,English,Yes,Full-Time
643af5cf80cdb47c1b3adefa,640f6db849cb815a6bdad18e,APPROVED,2023-04-15T19:07:02.003000Z,2023-04-15T19:09:27.735000Z,2023-04-15T19:09:28.189000,2023-04-15T19:09:28.115369Z,146,CE3DWF28,277,Education & Training,58,Female,White,United States,United States,United States,English,No,Part-Time
643af60b07032cc8dae905a5,638e84c70418d8a2c0aa372e,APPROVED,2023-04-15T19:08:00.759000Z,2023-04-15T19:09:53.880000Z,2023-04-15T19:09:54.425000,2023-04-15T19:09:54.349054Z,114,CE3DWF28,1034,Education & Training,66,Female,White,United States,United States,United States,English,No,Full-Time
643af60b49978ca1475df8b0,61188057fe5a395476806c12,APPROVED,2023-04-15T19:07:58.372000Z,2023-04-15T19:09:03.025000Z,2023-04-15T19:09:03.547000,2023-04-15T19:09:03.485266Z,65,CE3DWF28,1137,Education & Training,32,Female,White,United States,United States,United States,English,Yes,Full-Time
643af65dd6d55a3d2f806303,637e4f6a7d2ec33d650d63c0,APPROVED,2023-04-15T19:09:20.818000Z,2023-04-15T19:11:16.386000Z,2023-04-15T19:11:16.897000,2023-04-15T19:11:16.818998Z,116,CE3DWF28,398,Education & Training,27,Female,White,United States,United States,United States,English,No,Full-Time
643af6780ed0a7d6d096d595,60bb00299a1f664a3db6c32f,APPROVED,2023-04-15T19:09:46.177000Z,2023-04-15T19:10:55.361000Z,2023-04-15T19:10:55.814000,2023-04-15T19:10:55.748149Z,70,CE3DWF28,501,Education & Training,25,Male,Asian,United States,United States,United States,Chinese,Yes,Due to start a new job within the next month
643af6ca12a6ce26707b3ea2,5b9c1a42c57b4b0001eedc61,APPROVED,2023-04-15T19:11:12.113000Z,2023-04-15T19:17:32.476000Z,2023-04-15T19:17:33.551000,2023-04-15T19:17:33.482555Z,381,CE3DWF28,3193,Education & Training,55,Female,White,United States,United States,United States,English,No,DATA_EXPIRED
643af703d81a436adc3adf0b,5f710cf8423f15749e53499b,APPROVED,2023-04-15T19:12:07.131000Z,2023-04-15T19:13:42.530000Z,2023-04-15T19:13:48.001000,2023-04-15T19:13:47.929784Z,96,CE3DWF28,2304,Education & Training,30,Female,Asian,United States,United States,United States,English,No,DATA_EXPIRED
643af7255a94621a60e6d69b,601991eca575400d9ad37546,APPROVED,2023-04-15T19:12:40.480000Z,2023-04-15T19:16:27.346000Z,2023-04-15T19:16:27.774000,2023-04-15T19:16:27.698795Z,227,CE3DWF28,3204,Education & Training,30,Male,White,United States,United States,United States,English,No,Full-Time
643af74e0ddd515913cd6220,58f10189738cac000116d3ab,APPROVED,2023-04-15T19:13:50.215000Z,2023-04-15T19:15:35.023000Z,2023-04-15T19:15:35.510000,2023-04-15T19:15:35.441120Z,105,CE3DWF28,2108,Education & Training,61,Female,Black,United States,United States,United States,English,DATA_EXPIRED,DATA_EXPIRED
643af75d167c6d63ebe064ed,607cbf385d3202721e3f719f,APPROVED,2023-04-15T19:13:38.425000Z,2023-04-15T19:16:22.656000Z,2023-04-15T19:16:23.117000,2023-04-15T19:16:23.035004Z,165,CE3DWF28,1474,Education & Training,54,Female,White,United States,United States,United States,English,No,DATA_EXPIRED
643af7783f9e151ed91b237a,5e1371f92b12bd9a96c2d902,APPROVED,2023-04-15T19:14:04.948000Z,2023-04-15T19:15:49.743000Z,2023-04-15T19:15:50.180000,2023-04-15T19:15:50.109277Z,105,CE3DWF28,1842,Education & Training,42,Female,White,United States,United States,United States,English,No,Full-Time
643af77b33754ed36993d8b1,5b0319e68d753d0001cc75c7,APPROVED,2023-04-15T19:14:03.191000Z,2023-04-15T19:14:56.812000Z,2023-04-15T19:14:57.263000Z,2023-04-15T19:14:58.041393Z,54,CE3DWF28,1816,Education & Training,49,Female,White,United States,United States,United States,English,No,Full-Time
643af7e27473d404b32cd906,63e53d570132a56f38a678ee,APPROVED,2023-04-15T19:15:50.226000Z,2023-04-15T19:16:48.222000Z,2023-04-15T19:16:48.706000,2023-04-15T19:16:48.621425Z,58,CE3DWF28,496,Education & Training,46,Male,White,United States,United States,United States,English,No,Full-Time
643af7e478d32f6db620a3b9,60e49c6274c1be146fa85140,APPROVED,2023-04-15T19:15:51.173000Z,2023-04-15T19:17:17.478000Z,2023-04-15T19:17:19.238000,2023-04-15T19:17:19.160645Z,87,CE3DWF28,1610,Education & Training,30,Female,White,United States,United States,United States,English,No,Full-Time
643af7efc1fda768f6e90638,63d000d62878aa92b833c5fc,APPROVED,2023-04-15T19:16:06.545000Z,2023-04-15T19:17:57.203000Z,2023-04-15T19:17:58.393000,2023-04-15T19:17:58.319479Z,111,CE3DWF28,762,Education & Training,40,Female,White,United States,United States,United States,English,No,Full-Time
643af80d10c0d5a1e24788da,5a8ac2d8f49c9a0001f3ab34,APPROVED,2023-04-15T19:16:35.117000Z,2023-04-15T19:18:54.721000Z,2023-04-15T19:18:55.171000,2023-04-15T19:18:55.096524Z,140,CE3DWF28,1906,Education & Training,36,Female,Black,United States,United States,United States,English,Yes,Full-Time
643af8197428f2bc5c1736ed,62aa26e333b0fca51f65d3ac,APPROVED,2023-04-15T19:16:44.957000Z,2023-04-15T19:18:26.514000Z,2023-04-15T19:18:26.999000,2023-04-15T19:18:26.918321Z,102,CE3DWF28,2170,Education & Training,30,Female,Asian,United States,United States,United States,English,No,Full-Time
643af86a402a6bfe88cd61f4,63e576170eb086a90644efb4,APPROVED,2023-04-15T19:18:04.951000Z,2023-04-15T19:21:44.358000Z,2023-04-15T19:21:54.067000,2023-04-15T19:21:53.990801Z,220,CE3DWF28,395,Education & Training,36,Male,Asian,China,United States,United States,Chinese,No,Part-Time
643af87a6608296bc651c4c0,628e5f283594e1a48a04886f,APPROVED,2023-04-15T19:18:23.813000Z,2023-04-15T19:20:28.105000Z,2023-04-15T19:20:28.619000,2023-04-15T19:20:28.548132Z,125,CE3DWF28,2064,Education & Training,32,Male,White,United States,United States,United States,English,No,Part-Time
643af898af9608ec87dc4649,593006e0e7866d00016185e5,APPROVED,2023-04-15T19:18:51.030000Z,2023-04-15T19:22:35.702000Z,2023-04-15T19:22:36.174000,2023-04-15T19:22:36.103479Z,225,CE3DWF28,828,Education & Training,43,Female,Black,United States,United States,United States,English,DATA_EXPIRED,DATA_EXPIRED
643af8b19b25700d6be0649a,601e13b872774f263d64acac,APPROVED,2023-04-15T19:19:18.905000Z,2023-04-15T19:26:19.929000Z,2023-04-15T19:26:20.454000,2023-04-15T19:26:20.397375Z,422,CE3DWF28,2487,Education & Training,34,Male,White,United States,United States,United States,English,DATA_EXPIRED,DATA_EXPIRED
643af8d1b621ab1f2cf91039,5d5497857aff650001a18c3c,APPROVED,2023-04-15T19:19:50.162000Z,2023-04-15T19:21:44.325000Z,2023-04-15T19:21:45.779000Z,2023-04-15T19:21:46.203732Z,115,CE3DWF28,3614,Education & Training,53,Female,White,United States,United States,United States,English,No,Full-Time
643af922d059415d8d22f07d,5e7146ee69a3f1061774803b,APPROVED,2023-04-15T19:21:11.109000Z,2023-04-15T19:23:58.953000Z,2023-04-15T19:23:59.348000,2023-04-15T19:23:59.286564Z,168,CE3DWF28,2227,Education & Training,52,Female,Asian,United States,United States,United States,English,No,Full-Time
643af93fe082046d9e3bc652,640bcf5c599a2135fe92d70b,APPROVED,2023-04-15T19:21:38.682000Z,2023-04-15T19:25:26.802000Z,2023-04-15T19:25:27.396000,2023-04-15T19:25:27.303571Z,229,CE3DWF28,276,Education & Training,29,Female,White,United States,United States,United States,English,No,Full-Time
643af941054ef1d51e70c806,63852fbf95d78ba25b99005e,APPROVED,2023-04-15T19:21:43.398000Z,2023-04-15T19:23:57.411000Z,2023-04-15T19:23:58.327000,2023-04-15T19:23:58.257186Z,135,CE3DWF28,1026,Education & Training,55,Female,White,United States,United States,United States,English,No,Full-Time
643af954d5a8438bcf713bb4,62dc6d329a5144ff8b61afb9,APPROVED,2023-04-15T19:21:59.747000Z,2023-04-15T19:23:57.063000Z,2023-04-15T19:23:57.513000,2023-04-15T19:23:57.438764Z,118,CE3DWF28,1034,Education & Training,36,Male,White,United States,United States,United States,English,No,Full-Time
643af965652c87ace97b3ed2,6278700097208c3f1b717481,APPROVED,2023-04-15T19:22:19.316000Z,2023-04-15T19:24:40.657000Z,2023-04-15T19:24:41.109000,2023-04-15T19:24:41.035510Z,142,CE3DWF28,1695,Education & Training,32,Female,White,Canada,United States,United States,English,No,Full-Time
643af966d268ad9a26713bb4,612bfe71a97242127201bc3b,APPROVED,2023-04-15T19:22:40.261000Z,2023-04-15T19:26:59.253000Z,2023-04-15T19:26:59.723000,2023-04-15T19:26:59.658304Z,259,CE3DWF28,2278,Education & Training,50,Female,White,United States,United States,United States,English,No,Full-Time
643af9eb78bcaf1a9f001a29,636b27e16c27eecad3500512,APPROVED,2023-04-15T19:24:31.102000Z,2023-04-15T19:26:01.511000Z,2023-04-15T19:26:02.502000,2023-04-15T19:26:02.400420Z,91,CE3DWF28,518,Education & Training,66,Female,White,United States,United States,United States,English,No,Part-Time
643af9fa89401978c8478992,5e0413f6d62abeed46e254f6,APPROVED,2023-04-15T19:24:44.500000Z,2023-04-15T19:25:54.569000Z,2023-04-15T19:25:55.022000,2023-04-15T19:25:54.944981Z,71,CE3DWF28,1651,Education & Training,24,Male,White,United States,United States,United States,English,No,Full-Time
643afa230a44541c453bc644,61286af4797d61e693470f05,APPROVED,2023-04-15T19:25:28.463000Z,2023-04-15T19:27:13.836000Z,2023-04-15T19:27:14.313000,2023-04-15T19:27:14.243631Z,106,CE3DWF28,616,Education & Training,23,Female,White,United States,United States,United States,English,No,Due to start a new job within the next month
643afa789a76b450d79a0667,5ef00061e45c1f1988455df5,APPROVED,2023-04-15T19:26:51.727000Z,2023-04-15T19:28:10.568000Z,2023-04-15T19:28:11.111000,2023-04-15T19:28:11.051039Z,79,CE3DWF28,3191,Education & Training,27,Female,Asian,United States,United States,United States,English,No,DATA_EXPIRED
643afa801450dc9f8de06497,6005d3aabaf15d515c1361d0,APPROVED,2023-04-15T19:27:00.480000Z,2023-04-15T19:29:10.633000Z,2023-04-15T19:29:11.100000,2023-04-15T19:29:11.044203Z,131,CE3DWF28,1121,Education & Training,59,Female,White,United States,United States,United States,English,Yes,Part-Time
643afab50aa09abf283adee3,64023a98627b1116180dff0b,APPROVED,2023-04-15T19:27:53.183000Z,2023-04-15T19:30:17.611000Z,2023-04-15T19:30:18.098000,2023-04-15T19:30:18.003178Z,145,CE3DWF28,260,Education & Training,28,Female,White,United States,United States,United States,English,No,Part-Time
643afacfa2ecba4ac6e21e46,61007772ff09a1a5f7181c39,APPROVED,2023-04-15T19:28:20.118000Z,2023-04-15T19:29:49.562000Z,2023-04-15T19:29:50.025000,2023-04-15T19:29:49.946660Z,90,CE3DWF28,178,Education & Training,23,Female,White,United States,United States,United States,English,DATA_EXPIRED,DATA_EXPIRED
643afad9652c87ace97b3f1c,63ddc6baab6a2130b8a41bf7,APPROVED,2023-04-15T19:28:25.177000Z,2023-04-15T19:30:09.747000Z,2023-04-15T19:30:20.483000,2023-04-15T19:30:20.391202Z,105,CE3DWF28,446,Education & Training,30,Male,White,Puerto Rico,United States,United States,English,No,Full-Time
643afaeceba59fb79e4788e0,64135db83e4afcf2f3190e0b,APPROVED,2023-04-15T19:28:48.724000Z,2023-04-15T19:30:51.888000Z,2023-04-15T19:30:52.361000,2023-04-15T19:30:52.297138Z,124,CE3DWF28,101,Education & Training,20,Male,White,United States,United States,United States,English,Yes,Part-Time
643afaff90cab9e59ce06482,610d6c481ca4797b863fe3d1,APPROVED,2023-04-15T19:29:03.081000Z,2023-04-15T19:33:09.623000Z,2023-04-15T19:33:10.128000,2023-04-15T19:33:10.054402Z,247,CE3DWF28,3380,Education & Training,73,Male,White,United States,United States,United States,English,No,Full-Time
643afb3f0a44541c453bc66d,63c3ad21e11e4d881d3d4220,APPROVED,2023-04-15T19:30:10.628000Z,2023-04-15T19:33:16.366000Z,2023-04-15T19:33:16.862000,2023-04-15T19:33:16.783329Z,186,CE3DWF28,597,Education & Training,72,Male,White,Jordan,United States,United States,Arabic,No,Part-Time
643afb82c0f43a9ce8ed38ac,5cef6401cd01760016535b53,APPROVED,2023-04-15T19:31:17.408000Z,2023-04-15T19:33:08.297000Z,2023-04-15T19:33:09.094000,2023-04-15T19:33:09.019777Z,111,CE3DWF28,2614,Education & Training,22,Male,Asian,United States,United States,United States,English,No,Full-Time
643afbc5052d3ff43f93d923,5e6560b5b402952e900827c5,APPROVED,2023-04-15T19:32:27.041000Z,2023-04-15T19:33:39.155000Z,2023-04-15T19:33:39.623000,2023-04-15T19:33:39.528296Z,73,CE3DWF28,4486,Education & Training,48,Male,White,United States,United States,United States,English,DATA_EXPIRED,DATA_EXPIRED
643afbc855d58486502abf41,61006ef3807f07d9c81dd300,APPROVED,2023-04-15T19:32:27.314000Z,2023-04-15T19:34:19.863000Z,2023-04-15T19:34:21.272000,2023-04-15T19:34:21.186047Z,113,CE3DWF28,462,Education & Training,21,Female,White,United States,United States,United States,English,DATA_EXPIRED,DATA_EXPIRED
643afbd40f446d67f5e3132e,6384e9d74fab6797953b3c11,APPROVED,2023-04-15T19:32:41.533000Z,2023-04-15T19:34:13.523000Z,2023-04-15T19:34:13.996000,2023-04-15T19:34:13.918714Z,92,CE3DWF28,858,Education & Training,49,Female,White,United States,United States,United States,English,No,Full-Time
643afcca3de12e5866001a7f,60dbf4d94a3b5564b68881e8,APPROVED,2023-04-15T19:36:47.137000Z,2023-04-15T19:38:17.241000Z,2023-04-15T19:38:17.688000,2023-04-15T19:38:17.617894Z,91,CE3DWF28,633,Education & Training,23,Female,White,United States,United States,United States,English,Yes,Full-Time
643afd1a5b47a6f1c8023817,5898b6e256357700011c2c6b,APPROVED,2023-04-15T19:38:05.595000Z,2023-04-15T19:39:09.877000Z,2023-04-15T19:39:10.439000,2023-04-15T19:39:10.361884Z,65,CE3DWF28,5335,Education & Training,65,Male,White,United States,United States,United States,English,No,Full-Time
643afd3da96879c0bc5df83a,5dceca79b988870144a19f89,APPROVED,2023-04-15T19:38:41.805000Z,2023-04-15T19:40:46.727000Z,2023-04-15T19:40:47.199000,2023-04-15T19:40:47.122600Z,125,CE3DWF28,1862,Education & Training,54,Female,White,United States,United States,United States,English,DATA_EXPIRED,DATA_EXPIRED
643afd597e8767152a672d0f,60358de06e95f2ef5ea32cf0,APPROVED,2023-04-15T19:39:08.513000Z,2023-04-15T19:40:19.319000Z,2023-04-15T19:40:19.775000,2023-04-15T19:40:19.683775Z,71,CE3DWF28,3395,Education & Training,39,Female,White,United States,United States,United States,English,No,Full-Time
643afdc8ea9faf7c6122f040,5c5cb505ced0b900018ca3a3,APPROVED,2023-04-15T19:41:01.929000Z,2023-04-15T19:44:57.343000Z,2023-04-15T19:44:57.745000,2023-04-15T19:44:57.678578Z,236,CE3DWF28,1239,Education & Training,49,Male,White,United States,United States,United States,English,No,Full-Time
643afddc38f72dd52e713c01,6362b1b5e4223d8fe2a73671,APPROVED,2023-04-15T19:41:28.459000Z,2023-04-15T19:48:56.628000Z,2023-04-15T19:48:58.076000,2023-04-15T19:48:57.990405Z,449,CE3DWF28,719,Education & Training,67,Male,White,United States,United States,United States,English,No,Part-Time
643afde1e2105e0b363adf02,5d25336d3e31ad0016186262,APPROVED,2023-04-15T19:41:25.699000Z,2023-04-15T19:43:16.103000Z,2023-04-15T19:43:16.618000,2023-04-15T19:43:16.541536Z,111,CE3DWF28,677,Education & Training,62,Male,White,United States,United States,United States,English,No,"Not in paid work (e.g. homemaker', 'retired or disabled)"
643afdea07056a54a8173718,6033fd8bc8659800086d87b0,APPROVED,2023-04-15T19:41:34.718000Z,2023-04-15T19:43:11.654000Z,2023-04-15T19:43:12.158000,2023-04-15T19:43:12.080861Z,97,CE3DWF28,2113,Education & Training,32,Female,Black,United States,United States,United States,English,Yes,Full-Time
643afe1fe870fabf7a1b2380,613fb653aa6f033cb05cc587,APPROVED,2023-04-15T19:42:28.812000Z,2023-04-15T19:44:51.313000Z,2023-04-15T19:44:51.761000,2023-04-15T19:44:51.687669Z,143,CE3DWF28,810,Education & Training,22,Female,White,United States,United States,United States,English,No,Part-Time
643afe6370bdd343ac5df865,5b1846624c72120001f1beba,APPROVED,2023-04-15T19:43:34.943000Z,2023-04-15T19:45:10.489000Z,2023-04-15T19:45:10.866000,2023-04-15T19:45:10.798234Z,96,CE3DWF28,2618,Education & Training,43,Male,White,United States,United States,United States,English,No,Full-Time
643afe706dc80e88481974ea,5e175705cfe8dc000b559793,APPROVED,2023-04-15T19:43:47.680000Z,2023-04-15T19:45:31.707000Z,2023-04-15T19:45:33.377000,2023-04-15T19:45:33.281911Z,105,CE3DWF28,5212,Education & Training,44,Male,White,United States,United States,United States,English,No,Full-Time
643afe86ea9faf7c6122f052,60b3e6ad448226548d21fc4d,APPROVED,2023-04-15T19:44:08.561000Z,2023-04-15T19:46:02.914000Z,2023-04-15T19:46:03.343000,2023-04-15T19:46:03.268304Z,115,CE3DWF28,3645,Education & Training,52,Female,White,United States,United States,United States,English,No,Part-Time
643afe97ba25f2a33b96d599,63c0e405027c09642621327f,APPROVED,2023-04-15T19:44:29.492000Z,2023-04-15T19:46:41.874000Z,2023-04-15T19:46:42.485000,2023-04-15T19:46:42.396972Z,133,CE3DWF28,162,Education & Training,29,Female,White,United States,United States,United States,English,Yes,Full-Time
643afea627e211c205001a0a,5fb08ec5ddc19949a58f5a4f,APPROVED,2023-04-15T19:44:42.604000Z,2023-04-15T19:51:16.651000Z,2023-04-15T19:51:17.095000,2023-04-15T19:51:17.030457Z,395,CE3DWF28,2116,Education & Training,48,Female,White,United States,United States,United States,English,No,Full-Time
643afed35d52f378b2aa4e61,55b42b7cfdf99b5244217cf4,APPROVED,2023-04-15T19:45:26.714000Z,2023-04-15T19:52:54.062000Z,2023-04-15T19:52:54.575000,2023-04-15T19:52:54.506484Z,448,CE3DWF28,2430,Education & Training,36,Female,Other,Peru,United States,United States,English,No,Full-Time
643afefcb9f4ee0fdb7b3f45,630e0e5d10c418991ce50062,APPROVED,2023-04-15T19:46:07.890000Z,2023-04-15T19:47:19.796000Z,2023-04-15T19:47:20.250000,2023-04-15T19:47:20.185826Z,72,CE3DWF28,289,Education & Training,21,Male,White,United States,United States,United States,English,Yes,Part-Time
643aff04d185d026798b6faa,5f3847dff97940117558fe41,APPROVED,2023-04-15T19:46:15.747000Z,2023-04-15T19:47:37.750000Z,2023-04-15T19:47:38.248000,2023-04-15T19:47:38.164775Z,83,CE3DWF28,914,Education & Training,28,Male,White,United States,United States,United States,English,No,Full-Time
643aff68dd9e167236e905f6,5c28113978fad50001932f58,APPROVED,2023-04-15T19:47:56.207000Z,2023-04-15T19:48:40.599000Z,2023-04-15T19:48:40.987000,2023-04-15T19:48:40.924100Z,45,CE3DWF28,6005,Education & Training,33,Male,White,United States,United States,United States,English,No,Full-Time
643aff7be2105e0b363adf42,58f18575d9fd500001b0d8a9,APPROVED,2023-04-15T19:48:17.625000Z,2023-04-15T19:49:35.790000Z,2023-04-15T19:49:36.282000,2023-04-15T19:49:36.185834Z,79,CE3DWF28,159,Education & Training,33,Female,White,United States,United States,United States,English,No,Full-Time
643aff81e6654398119a06cc,6164674aee2f6131757520fe,APPROVED,2023-04-15T19:48:21.901000Z,2023-04-15T19:50:08.031000Z,2023-04-15T19:50:08.685000,2023-04-15T19:50:08.603726Z,107,CE3DWF28,1559,Education & Training,64,Female,White,United States,United States,United States,English,No,Part-Time
643affd81bcc82d5a924e020,5e29ed78eb557a05536b8442,APPROVED,2023-04-15T19:49:48.796000Z,2023-04-15T19:52:48.643000Z,2023-04-15T19:52:49.126000,2023-04-15T19:52:49.009383Z,180,CE3DWF28,3706,Education & Training,55,Male,White,United States,United States,United States,English,No,Full-Time
643affe630ec0143430238b2,5eb1e9b96c1f4713ed5d0a1e,APPROVED,2023-04-15T19:50:01.669000Z,2023-04-15T19:52:03.753000Z,2023-04-15T19:52:04.250000,2023-04-15T19:52:04.171191Z,123,CE3DWF28,1576,Education & Training,36,Female,Asian,Hong Kong,United States,United States,Chinese,No,Full-Time
643b000af5279a22937973ca,5c6c597c42e33400019c72a5,APPROVED,2023-04-15T19:50:38.189000Z,2023-04-15T19:53:39.325000Z,2023-04-15T19:53:39.760000,2023-04-15T19:53:39.681942Z,182,CE3DWF28,2026,Education & Training,61,Female,White,United States,United States,United States,English,No,Full-Time
643b001e1e9e9f519a7b3ef2,60372147dfe1bd27fb56629e,APPROVED,2023-04-15T19:51:03.230000Z,2023-04-15T19:52:21.469000Z,2023-04-15T19:52:21.959000,2023-04-15T19:52:21.900210Z,79,CE3DWF28,1152,Education & Training,45,Female,White,United States,United States,United States,English,No,Full-Time
643b0033802e1d40a8b81bf9,55a29659fdf99b5ff49937d3,APPROVED,2023-04-15T19:51:18.885000Z,2023-04-15T19:54:06.297000Z,2023-04-15T19:54:06.765000,2023-04-15T19:54:06.703376Z,168,CE3DWF28,4314,Education & Training,47,Female,White,United States,United States,United States,English,No,Full-Time
643b006aaebe95f78f96d52c,5fed41e3e14422f5e308c6e5,APPROVED,2023-04-15T19:52:13.295000Z,2023-04-15T19:54:35.035000Z,2023-04-15T19:54:35.811000,2023-04-15T19:54:35.719058Z,142,CE3DWF28,3838,Education & Training,44,Male,White,United States,United States,United States,English,No,Full-Time
643b00ec9797a402d622f0ba,5edaa52a54fe056e4bc55408,APPROVED,2023-04-15T19:54:23.979000Z,2023-04-15T19:55:57.668000Z,2023-04-16T17:31:31.641000Z,,94,CE3DWF28,4322,Education & Training,49,Female,White,United States,United States,United States,English,No,Full-Time
643b011261a54efdd0e0647d,6144b5f840c9ccbec2879397,APPROVED,2023-04-15T19:55:02.123000Z,2023-04-15T19:56:58.277000Z,2023-04-15T19:57:13.757000,2023-04-15T19:57:00.473701Z,117,CE3DWF28,1273,Education & Training,32,Female,Mixed,United States,United States,United States,English,No,Part-Time
643b01379136944b29478922,5ea70b0537c5170b90ece8ac,APPROVED,2023-04-15T19:55:43.368000Z,2023-04-15T19:59:05.485000Z,2023-04-15T19:59:05.966000,2023-04-15T19:59:05.902923Z,203,CE3DWF28,3847,Education & Training,31,Male,Mixed,United States,United States,United States,English,No,Full-Time
643b01449a3b6a135c3adec6,578e6c599bd3d70001e5057f,APPROVED,2023-04-15T19:55:51.018000Z,2023-04-15T21:12:20.538000Z,2023-04-15T21:12:21.059000Z,2023-04-15T21:12:21.430860Z,4590,CE3DWF28,3571,Education & Training,27,Male,Asian,China,United States,United States,Chinese,DATA_EXPIRED,DATA_EXPIRED
643b015b8528c8e9728b0b3a,628a4816764d2f993ee7493d,APPROVED,2023-04-15T19:56:16.625000Z,2023-04-15T20:02:43.734000Z,2023-04-15T20:02:44.222000,2023-04-15T20:02:44.133412Z,388,CE3DWF28,1078,Education & Training,56,Male,Black,United States,United States,United States,English,No,Full-Time
643b019d61a54efdd0e06488,561bbdf9811d22000df3138a,APPROVED,2023-04-15T19:57:21.119000Z,2023-04-15T20:21:56.176000Z,2023-04-15T20:21:58.457000,2023-04-15T20:21:58.370697Z,1476,CE3DWF28,5819,Education & Training,38,Male,White,United States,United States,United States,English,No,Full-Time
643b01aaf80db81f20f91052,63d92dacc885e6167a4a486c,APPROVED,2023-04-15T19:57:32.856000Z,2023-04-15T19:58:32.498000Z,2023-04-15T19:58:32.937000,2023-04-15T19:58:32.866372Z,60,CE3DWF28,137,Education & Training,34,Male,White,United States,United States,United States,English,No,Full-Time
643b0261d80080f5f4ed3890,616f4e920ed4bf68c708dde3,APPROVED,2023-04-15T20:00:36.684000Z,2023-04-15T20:01:43.303000Z,2023-04-15T20:01:43.753000,2023-04-15T20:01:43.671075Z,67,CE3DWF28,1262,Education & Training,44,Female,Other,United States,United States,United States,English,Yes,Full-Time
643b02beab4d86f910512dca,63cc62e53735576a651d54a9,APPROVED,2023-04-15T20:02:06.931000Z,2023-04-15T20:23:19.880000Z,2023-04-15T20:23:20.321000,2023-04-15T20:23:20.251837Z,1273,CE3DWF28,800,Education & Training,56,Female,White,United States,United States,United States,English,No,Full-Time
643b02c4c3040ddc58e6d62a,60b9bb59251f1f055eddce4b,APPROVED,2023-04-15T20:02:16.389000Z,2023-04-15T20:03:58.246000Z,2023-04-15T20:03:58.903000,2023-04-15T20:03:58.829876Z,102,CE3DWF28,3344,Education & Training,30,Female,White,United States,United States,United States,English,No,Full-Time
643b0329e0c4920afa992aa8,5ddef2e6929d5de6f1050f1c,APPROVED,2023-04-15T20:03:58.105000Z,2023-04-15T20:06:09.471000Z,2023-04-15T20:06:09.973000,2023-04-15T20:06:09.902536Z,132,CE3DWF28,4591,Education & Training,61,Male,White,United States,United States,United States,English,DATA_EXPIRED,Full-Time
643b033099ab558ee90a2f78,6104788cdcb828ae30f5ebcc,APPROVED,2023-04-15T20:04:07.583000Z,2023-04-15T20:06:27.386000Z,2023-04-15T20:06:27.874000,2023-04-15T20:06:27.803963Z,140,CE3DWF28,331,Education & Training,21,Female,Other,United States,United States,United States,Spanish,No,Part-Time
643b0334a04e38ddce672ce3,5ebd7b50478956085163455d,APPROVED,2023-04-15T20:04:08.963000Z,2023-04-15T20:06:14.115000Z,2023-04-15T20:06:14.593000,2023-04-15T20:06:14.522589Z,126,CE3DWF28,626,Education & Training,55,Female,White,United States,United States,United States,English,No,Full-Time
643b037afff0e977a7e0647f,63d5e3bf4a739d1158b9ce64,APPROVED,2023-04-15T20:05:17.695000Z,2023-04-15T20:06:24.843000Z,2023-04-15T20:06:25.836000,2023-04-15T20:06:25.761198Z,68,CE3DWF28,630,Education & Training,34,Female,White,United States,United States,United States,English,No,Full-Time
643b038798792c9ae696d512,5be4c11a468be0000103e5d8,APPROVED,2023-04-15T20:05:30.783000Z,2023-04-15T20:07:14.481000Z,2023-04-15T20:07:14.937000,2023-04-15T20:07:14.865574Z,104,CE3DWF28,3404,Education & Training,59,Female,White,United States,United States,United States,English,No,Part-Time
643b03b024b103a49802387d,5df97cf6deea2b70989b6528,APPROVED,2023-04-15T20:06:12.097000Z,2023-04-15T20:07:35.874000Z,2023-04-15T20:07:36.273000,2023-04-15T20:07:36.201839Z,84,CE3DWF28,3828,Education & Training,52,Female,White,United States,United States,United States,English,No,Full-Time
643b03bd9cc474f6ad713c7e,56c113f6eb5b22000d5baa6f,APPROVED,2023-04-15T20:06:24.977000Z,2023-04-15T20:08:43.055000Z,2023-04-15T20:08:43.925000,2023-04-15T20:08:43.843806Z,139,CE3DWF28,2983,Education & Training,59,Female,White,United States,United States,United States,English,No,Full-Time
643b03c226afd1c482ed3848,5b894987e79bf50001e1ff95,APPROVED,2023-04-15T20:06:30.095000Z,2023-04-15T20:07:52.592000Z,2023-04-15T20:07:53.455000,2023-04-15T20:07:53.387281Z,83,CE3DWF28,3010,Education & Training,50,Female,White,United States,United States,United States,English,No,Full-Time
643b03ced80080f5f4ed38ca,60fe19cafe22cd7db9de1783,APPROVED,2023-04-15T20:06:42.321000Z,2023-04-15T20:07:55.575000Z,2023-04-15T20:07:56.090000,2023-04-15T20:07:56.087001Z,74,CE3DWF28,2648,Education & Training,36,Female,White,United States,United States,United States,English,No,Part-Time
643b03f970580e1d7660e3f6,5f0550bf5819b18476ee8343,APPROVED,2023-04-15T20:07:24.971000Z,2023-04-15T20:09:15.369000Z,2023-04-15T20:09:15.870000,2023-04-15T20:09:15.804762Z,111,CE3DWF28,3532,Education & Training,70,Female,White,United States,United States,United States,English,DATA_EXPIRED,DATA_EXPIRED
643b03f9a04e38ddce672ceb,5755a4c33c680b00095db408,APPROVED,2023-04-15T20:07:24.173000Z,2023-04-15T20:09:08.531000Z,2023-04-15T20:09:09.017000,2023-04-15T20:09:08.948146Z,105,CE3DWF28,3762,Education & Training,40,Male,White,United States,United States,United States,Korean,No,Full-Time
643b03fea47eb673095df88c,60817fcac988b1cc5ebb94be,APPROVED,2023-04-15T20:07:29.092000Z,2023-04-15T20:08:39.369000Z,2023-04-15T20:08:39.868000,2023-04-15T20:08:39.784788Z,71,CE3DWF28,85,Education & Training,42,Male,White,United States,United States,United States,English,No,Full-Time
643b0420a99a4cf1cd3bc5fd,5cfd29e8254f9300019fc458,APPROVED,2023-04-15T20:08:04.030000Z,2023-04-15T20:11:44.461000Z,2023-04-15T20:11:44.953000,2023-04-15T20:11:44.862665Z,221,CE3DWF28,785,Education & Training,33,Female,White,United States,United States,United States,English,No,Part-Time
643b044e40b98ab19502386b,5678ea0289319e00116519c3,APPROVED,2023-04-15T20:08:48.402000Z,2023-04-15T20:09:41.044000Z,2023-04-15T20:09:41.559000,2023-04-15T20:09:41.484936Z,53,CE3DWF28,1595,Education & Training,32,Male,Asian,United States,United States,United States,Vietnamese,DATA_EXPIRED,DATA_EXPIRED
643b04539da67dbe3bcd61eb,6144834d136ed7f27d2dbe60,APPROVED,2023-04-15T20:13:50.212000Z,2023-04-15T20:18:05.864000Z,2023-04-15T20:18:06.324000,2023-04-15T20:18:06.236693Z,256,CE3DWF28,2605,Education & Training,49,Female,White,United States,United States,United States,English,No,Full-Time
643b045973769eab6a7b3ef3,5dee72917309b950e5262f3a,APPROVED,2023-04-15T20:09:03.929000Z,2023-04-15T20:11:28.690000Z,2023-04-15T20:11:29.182000,2023-04-15T20:11:29.106606Z,145,CE3DWF28,3244,Education & Training,28,Male,White,United States,United States,United States,English,No,Full-Time
643b04eec342d74e7419754b,6053ad542b81382607008fe2,APPROVED,2023-04-15T20:11:30.965000Z,2023-04-15T20:12:19.732000Z,2023-04-15T20:12:20.213000,2023-04-15T20:12:20.141012Z,49,CE3DWF28,848,Education & Training,28,Female,Asian,United States,United States,United States,English,Yes,Full-Time
643b0578f8e3c248b18b6f7f,611430883fef20163883992d,APPROVED,2023-04-15T20:13:48.447000Z,2023-04-15T20:15:26.346000Z,2023-04-15T20:15:26.799000,2023-04-15T20:15:26.721706Z,98,CE3DWF28,187,Education & Training,20,Female,Other,United States,United States,United States,English,Yes,Unemployed (and job seeking)
643b05794e89dd84e1001a43,62c97a70d02df972bdfc2718,APPROVED,2023-04-15T20:13:51.486000Z,2023-04-15T20:15:43.982000Z,2023-04-15T20:15:44.583000,2023-04-15T20:15:44.508011Z,113,CE3DWF28,1861,Education & Training,61,Female,White,United States,United States,United States,English,No,Full-Time
643b05b25f739f4652512db1,60fc6011bfe18980db6aec78,APPROVED,2023-04-15T20:14:47.373000Z,2023-04-15T20:16:50.003000Z,2023-04-15T20:16:50.510000,2023-04-15T20:16:50.423985Z,123,CE3DWF28,407,Education & Training,49,Female,White,United States,United States,United States,English,No,Full-Time
643b06119da67dbe3bcd6223,606e4eb2a56685e5593304cd,APPROVED,2023-04-15T20:16:22.476000Z,2023-04-15T20:23:25.701000Z,2023-04-15T20:23:26.216000,2023-04-15T20:23:26.124523Z,424,CE3DWF28,4108,Education & Training,54,Male,White,United States,United States,United States,English,Yes,Full-Time
643b063a9da67dbe3bcd622a,60fd6618f9a377f54dcdf318,APPROVED,2023-04-15T20:17:01.931000Z,2023-04-15T20:18:37.467000Z,2023-04-15T20:18:37.976000,2023-04-15T20:18:37.915646Z,96,CE3DWF28,3364,Education & Training,36,Male,White,United States,United States,United States,English,Yes,Full-Time
643b06434f2e936cb3001a21,5de8734b44b3127e513ae247,APPROVED,2023-04-15T20:17:14.064000Z,2023-04-15T20:19:15.799000Z,2023-04-15T20:19:16.296000,2023-04-15T20:19:16.228444Z,122,CE3DWF28,1688,Education & Training,32,Female,White,United States,United States,United States,English,No,Full-Time
643b065936f746da0c8b0b3c,5ec75df0d799ae1c11a8115c,APPROVED,2023-04-15T20:17:45.124000Z,2023-04-15T20:20:15.394000Z,2023-04-15T20:20:15.853000,2023-04-15T20:20:15.776697Z,151,CE3DWF28,2803,Education & Training,23,Female,White,United States,United States,United States,English,Yes,Part-Time
643b0711f789730cc7141a22,5e74f8d162625f04cadfbe97,APPROVED,2023-04-15T20:20:38.073000Z,2023-04-15T20:22:33.748000Z,2023-04-15T20:22:34.223000,2023-04-15T20:22:34.110590Z,116,CE3DWF28,350,Education & Training,38,Female,White,United States,United States,United States,English,No,Full-Time
643b0716b3ba858437672cd8,63f595219664bb187f8b6017,APPROVED,2023-04-15T20:20:41.230000Z,2023-04-15T20:22:11.805000Z,2023-04-15T20:22:12.981000,2023-04-15T20:22:12.914148Z,91,CE3DWF28,194,Education & Training,34,Female,White,United States,United States,United States,English,No,Full-Time
643b074d453f4d75e07b3ec4,5e5c9623d3e2d3475fea5cff,APPROVED,2023-04-15T20:21:36.752000Z,2023-04-15T20:23:17.830000Z,2023-04-15T20:23:18.447000,2023-04-15T20:23:18.358985Z,102,CE3DWF28,4765,Education & Training,49,Male,White,United States,United States,United States,English,No,Full-Time
643b07b1c8f71e3342955847,5b2bfb37163ead00013fb8b4,APPROVED,2023-04-15T20:23:15.749000Z,2023-04-15T20:24:54.365000Z,2023-04-15T20:24:54.796000,2023-04-15T20:24:54.726587Z,99,CE3DWF28,3442,Education & Training,58,Female,White,United States,United States,United States,English,No,Full-Time
643b07c66d42229429197566,634865f77fe29563ec6f621c,APPROVED,2023-04-15T20:24:38.833000Z,2023-04-15T20:26:17.012000Z,2023-04-15T20:26:17.515000,2023-04-15T20:26:17.404615Z,99,CE3DWF28,1488,Education & Training,31,Male,Mixed,Honduras,United States,United States,English,Yes,Full-Time
643b08c70c70d430f396d571,5f17a94617cf7a02dbf55360,APPROVED,2023-04-15T20:27:56.836000Z,2023-04-15T20:29:07.775000Z,2023-04-15T20:29:08.651000,2023-04-15T20:29:08.548637Z,71,CE3DWF28,269,Education & Training,21,Female,White,United States,United States,United States,English,Yes,Part-Time
643b093ae716ce98d3dc45b7,640573118f53bf82f3204732,APPROVED,2023-04-15T20:29:51.040000Z,2023-04-15T20:31:53.228000Z,2023-04-15T20:31:53.776000,2023-04-15T20:31:53.683276Z,123,CE3DWF28,190,Education & Training,38,Female,Asian,Bangladesh,United States,United States,Bengali,No,Part-Time
643b095a7762119d321974d1,6167abbd7db521535e811eb0,APPROVED,2023-04-15T20:30:21.619000Z,2023-04-15T20:32:32.027000Z,2023-04-15T20:32:32.539000,2023-04-15T20:32:32.475263Z,131,CE3DWF28,379,Education & Training,21,Female,Black,United States,United States,United States,English,Yes,Unemployed (and job seeking)
643b09c9f950073271992a02,63a2844c9d6acbec7228a420,APPROVED,2023-04-15T20:32:12.506000Z,2023-04-15T20:34:51.220000Z,2023-04-15T20:34:57.656000,2023-04-15T20:34:57.570682Z,159,CE3DWF28,808,Education & Training,51,Female,Black,Nigeria,United States,United States,English,No,Full-Time
643b0a0a1d8359ef7d2f290a,5e64393b2a0d161c7c02126c,APPROVED,2023-04-15T20:33:47.582000Z,2023-04-15T20:36:15.702000Z,2023-04-15T20:36:16.241000,2023-04-15T20:36:16.169041Z,149,CE3DWF28,2190,Education & Training,35,Female,Mixed,United States,United States,United States,English,No,Full-Time
643b0a49169513dc713398ee,5e937e8e4d246b6b4162ae72,APPROVED,2023-04-15T20:34:20.751000Z,2023-04-15T20:36:05.337000Z,2023-04-15T20:36:05.845000,2023-04-15T20:36:05.780131Z,105,CE3DWF28,4960,Education & Training,33,Male,White,United States,United States,United States,English,No,Full-Time
643b0ae1d24e6064aa339953,610b100248690667e78893c4,APPROVED,2023-04-15T20:36:52.510000Z,2023-04-15T20:40:41.582000Z,2023-04-15T20:40:42.072000,2023-04-15T20:40:41.953350Z,230,CE3DWF28,282,Education & Training,22,Female,Black,United States,United States,United States,English,DATA_EXPIRED,DATA_EXPIRED
643b0b0bdb574b330e96d543,62791c8387c3f14a84f651be,APPROVED,2023-04-15T20:37:35.953000Z,2023-04-15T20:38:29.601000Z,2023-04-15T20:38:53.802000,2023-04-15T20:38:53.836224Z,54,CE3DWF28,2073,Education & Training,32,Female,White,United States,United States,United States,English,No,Full-Time
643b0d0f6679c68ce0e064a5,5af0a7e5c36b060001f7df3b,APPROVED,2023-04-15T20:46:10.314000Z,2023-04-15T20:47:20.527000Z,2023-04-15T20:47:20.990000,2023-04-15T20:47:20.921770Z,71,CE3DWF28,355,Education & Training,34,Male,White,United States,United States,United States,English,No,Full-Time
643b0d56f34cab28a4e3e035,605247e21ff59d8d1d6887fd,APPROVED,2023-04-15T20:47:18.038000Z,2023-04-15T20:48:03.809000Z,2023-04-15T20:48:04.299000,2023-04-15T20:48:04.221579Z,46,CE3DWF28,505,Education & Training,28,Male,Asian,United States,United States,United States,English,Yes,Full-Time
643b0d80fd6caeb50f3adf12,5eea18fc3e537f0c21f2e9df,APPROVED,2023-04-15T20:48:06.983000Z,2023-04-15T20:50:24.987000Z,2023-04-15T20:50:25.495000,2023-04-15T20:50:25.393244Z,139,CE3DWF28,2884,Education & Training,41,Female,Mixed,United States,United States,United States,English,No,Full-Time
643b0da4a0f5a0361222f044,5c0564901911320001ba9a36,APPROVED,2023-04-15T20:48:39.128000Z,2023-04-15T20:49:59.307000Z,2023-04-15T20:49:59.842000,2023-04-15T20:49:59.759755Z,81,CE3DWF28,469,Education & Training,29,Female,White,United States,United States,United States,English,No,Full-Time
643b0dafbbb455b7b41b23c5,61044e57d36682329f7b8df8,APPROVED,2023-04-15T20:48:54.202000Z,2023-04-15T20:50:21.148000Z,2023-04-15T20:50:21.652000,2023-04-15T20:50:21.574953Z,87,CE3DWF28,99,Education & Training,43,Female,White,United States,United States,United States,English,No,Full-Time
643b0f00f6c42d08388062e1,6104b1c50f6057c1d8a6e3a6,APPROVED,2023-04-15T20:54:27.424000Z,2023-04-15T20:55:45.840000Z,2023-04-15T20:55:46.374000,2023-04-15T20:55:46.283617Z,79,CE3DWF28,945,Education & Training,27,Female,White,United States,United States,United States,English,No,Full-Time
643b0f284a296e9f2895587a,60fccda5792c49c693dfcd19,APPROVED,2023-04-15T20:55:08.032000Z,2023-04-15T20:56:13.649000Z,2023-04-15T20:56:14.120000,2023-04-15T20:56:14.046577Z,66,CE3DWF28,606,Education & Training,42,Female,White,United States,United States,United States,English,No,Full-Time
643b0f6ff6c42d08388062f5,61511b7499620085c08c171d,APPROVED,2023-04-15T20:56:19.048000Z,2023-04-15T21:00:14.721000Z,2023-04-15T21:00:15.284000,2023-04-15T21:00:15.174381Z,236,CE3DWF28,1874,Education & Training,40,Female,White,United States,United States,United States,English,Yes,Full-Time
643b103c0b908a207e713c20,6143e022ec8dfbce17b7e211,APPROVED,2023-04-15T20:59:44.544000Z,2023-04-15T21:07:15.033000Z,2023-04-15T21:07:15.539000,2023-04-15T21:07:15.491315Z,451,CE3DWF28,3058,Education & Training,68,Male,White,United States,United States,United States,English,No,Part-Time
643b1097e365742c3660e433,5c6a5469a3b8830001beec7f,APPROVED,2023-04-15T21:01:15.678000Z,2023-04-15T21:02:56.894000Z,2023-04-15T21:02:57.394000,2023-04-15T21:02:57.314657Z,102,CE3DWF28,1823,Education & Training,48,Female,Black,United States,United States,United States,English,Yes,Full-Time
643b10d2423d338f153adefb,57334d427d01ed00098e8e69,APPROVED,2023-04-15T21:02:14.711000Z,2023-04-15T21:03:44.721000Z,2023-04-15T21:03:45.172000,2023-04-15T21:03:45.105189Z,91,CE3DWF28,5410,Education & Training,38,Male,Asian,Liberia,United States,United States,English,No,Full-Time
643b10f2cab3077280d976a8,5fc5a2371b535212264944ca,APPROVED,2023-04-15T21:02:47.918000Z,2023-04-15T21:06:07.469000Z,2023-04-15T21:06:07.897000,2023-04-15T21:06:07.822856Z,200,CE3DWF28,913,Education & Training,50,Female,White,United States,United States,United States,English,No,Part-Time
643b11d18eac9901c3992a36,5bebd4111296920001d55c5a,APPROVED,2023-04-15T21:06:29.332000Z,2023-04-15T21:08:36.069000Z,2023-04-15T21:08:36.575000,2023-04-15T21:08:36.495984Z,127,CE3DWF28,5315,Education & Training,38,Female,White,United States,United States,United States,English,No,Full-Time
643b11dc8ff0f9af4851c4dd,55a43cf3fdf99b02ff6cb0b4,APPROVED,2023-04-15T21:06:41.718000Z,2023-04-15T21:09:41.068000Z,2023-04-15T21:09:41.596000,2023-04-15T21:09:41.530965Z,180,CE3DWF28,2968,Education & Training,46,Female,Mixed,United States,United States,United States,English,No,Full-Time
643b122b780ac5a2c570c783,5de91f07c04503000a6922ee,APPROVED,2023-04-15T21:08:00.778000Z,2023-04-15T21:09:28.154000Z,2023-04-15T21:09:28.645000,2023-04-15T21:09:28.576359Z,88,CE3DWF28,3791,Education & Training,65,Male,White,United States,United States,United States,English,No,Full-Time
643b1273ba2cd717827973cb,6063a00c6fd08d0a972382a4,APPROVED,2023-04-15T21:09:07.220000Z,2023-04-15T21:10:42.876000Z,2023-04-15T21:10:43.380000,2023-04-15T21:10:43.303415Z,96,CE3DWF28,447,Education & Training,25,Female,White,United States,United States,United States,English,No,Due to start a new job within the next month
643b13286c62148a7bdc45b4,55ae61acfdf99b44a305f135,APPROVED,2023-04-15T21:12:12.930000Z,2023-04-15T21:14:33.908000Z,2023-04-15T21:14:34.406000,2023-04-15T21:14:34.339119Z,141,CE3DWF28,75,Education & Training,39,Male,White,United States,United States,United States,English,No,Full-Time
643b143fd3b4b3df6047892b,60199dc499b0a7105341be00,APPROVED,2023-04-15T21:16:51.346000Z,2023-04-15T21:19:42.503000Z,2023-04-15T21:19:42.907000,2023-04-15T21:19:42.835524Z,172,CE3DWF28,2336,Education & Training,45,Female,White,United States,United States,United States,English,No,Full-Time
643b1454fdb03724491b23d7,6110f32227c58023af639d46,APPROVED,2023-04-15T21:17:13.291000Z,2023-04-15T21:18:27.499000Z,2023-04-15T21:18:27.969000,2023-04-15T21:18:27.895989Z,75,CE3DWF28,1648,Education & Training,25,Female,Asian,China,United States,United States,Chinese,Yes,DATA_EXPIRED
643b145e314503bcd30a2f1f,629d16db307da2e64ea7b1e7,APPROVED,2023-04-15T21:17:23.780000Z,2023-04-15T21:20:18.298000Z,2023-04-16T17:31:44.653000,2023-04-15T21:20:18.731995Z,175,NOCODE,1767,Education & Training,64,Female,Asian,United States,United States,United States,English,No,Full-Time
643b14d62b93f2ca4c95585b,5d338bb02381b7001761694e,APPROVED,2023-04-15T21:19:24.689000Z,2023-04-15T21:21:07.023000Z,2023-04-15T21:21:07.534000,2023-04-15T21:21:07.475506Z,103,CE3DWF28,4644,Education & Training,52,Male,White,United States,United States,United States,English,No,Full-Time
643b14e6885fbc16b160e423,6401c93c18b564518781fdd3,APPROVED,2023-04-15T21:19:42.701000Z,2023-04-15T21:24:04.808000Z,2023-04-15T21:24:05.252000,2023-04-15T21:24:05.188145Z,263,CE3DWF28,239,Education & Training,77,Female,White,United States,United States,United States,English,No,Full-Time
643b156f35eac70c7322f09a,63460f79457f687948f53b88,APPROVED,2023-04-15T21:21:54.613000Z,2023-04-15T21:24:29.872000Z,2023-04-15T21:24:30.474000,2023-04-15T21:24:30.391927Z,156,CE3DWF28,1274,Education & Training,33,Male,Asian,Bangladesh,United States,United States,English,Yes,Part-Time
643b15e88d0c4d177265d500,5e422e361f35e20cab919427,APPROVED,2023-04-15T21:23:56.750000Z,2023-04-15T21:25:13.277000Z,2023-04-15T21:25:15.455000,2023-04-15T21:25:15.396326Z,77,CE3DWF28,96,Education & Training,36,Female,Black,Germany,United States,United States,English,DATA_EXPIRED,DATA_EXPIRED
643b1608bedc51feb0173709,5ec6852ffa4c53071c789fe8,APPROVED,2023-04-15T21:24:30.614000Z,2023-04-15T21:26:10.825000Z,2023-04-15T21:26:11.289000,2023-04-15T21:26:11.233427Z,101,CE3DWF28,964,Education & Training,35,Female,Asian,United States,United States,United States,English,No,Full-Time
643b16594113c2cdee96d520,628249f0c32418e0ba1572fe,APPROVED,2023-04-15T21:25:50.512000Z,2023-04-15T21:27:00.467000Z,2023-04-15T21:27:00.895000,2023-04-15T21:27:00.820924Z,70,CE3DWF28,1363,Education & Training,42,Female,White,United States,United States,United States,English,No,Full-Time
643b1781df3d6e0c32e6d610,63ed2550d0836aae9f270214,APPROVED,2023-04-15T21:30:44.239000Z,2023-04-15T21:32:37.117000Z,2023-04-15T21:32:37.551000,2023-04-15T21:32:37.488534Z,113,CE3DWF28,492,Education & Training,31,Male,Mixed,United States,United States,United States,English,No,Full-Time
643b17b87f04d4a4ebb81c1e,5cc97b4e627fc30013fc2398,APPROVED,2023-04-15T21:31:43.959000Z,2023-04-15T21:33:40.969000Z,2023-04-15T21:33:41.420000,2023-04-15T21:33:41.347160Z,118,CE3DWF28,126,Education & Training,30,Female,Asian,United States,United States,United States,English,No,Full-Time
643b17eee003489bb52cd87e,5dcea4c3bc83380fe65dba2a,APPROVED,2023-04-15T21:32:33.069000Z,2023-04-15T21:33:45.665000Z,2023-04-15T21:33:49.091000,2023-04-15T21:33:46.046601Z,73,CE3DWF28,4712,Education & Training,59,Male,White,United States,United States,United States,English,No,Full-Time
643b183a895c86f44d512db5,6234a8a7dca8124a2b88859b,APPROVED,2023-04-15T21:33:49.964000Z,2023-04-15T21:36:32.376000Z,2023-04-15T21:36:32.932000,2023-04-15T21:36:32.853652Z,163,CE3DWF28,666,Education & Training,49,Male,White,United States,United States,United States,English,No,Full-Time
643b18942d32909c17e31290,63d4857d5c9e6f18b03027b3,APPROVED,2023-04-15T21:35:24.673000Z,2023-04-15T21:38:33.597000Z,2023-04-15T21:38:34.626000,2023-04-15T21:38:34.560562Z,189,CE3DWF28,265,Education & Training,52,Male,White,United States,United States,United States,English,No,Full-Time
643b18da923508c0319a0649,5e59ee3a2bff541fcf05d86e,APPROVED,2023-04-15T21:36:29.924000Z,2023-04-15T21:39:28.340000Z,2023-04-15T21:39:31.456000,2023-04-15T21:39:28.707458Z,179,CE3DWF28,1141,Education & Training,23,Female,White,United States,United States,United States,English,No,Part-Time
643b192cbec7a9eff48b0b39,63fb616a798d079c9ee0a7ff,APPROVED,2023-04-15T21:37:54.685000Z,2023-04-15T21:39:31.060000Z,2023-04-15T21:39:36.611000,2023-04-15T21:39:31.521149Z,97,CE3DWF28,408,Education & Training,49,Male,White,United States,United States,United States,English,No,Full-Time
643b1936d9c9378f802abee1,5e9a2251a69f690b9cc31ede,APPROVED,2023-04-15T21:38:01.017000Z,2023-04-15T21:39:05.832000Z,2023-04-15T21:39:06.302000,2023-04-15T21:39:06.235020Z,65,CE3DWF28,1983,Education & Training,34,Female,White,United States,United States,United States,English,No,Full-Time
643b19388eddf4460d001a7a,63d3fa067fc761e289bd1920,APPROVED,2023-04-15T21:38:03.607000Z,2023-04-15T21:40:03.490000Z,2023-04-15T21:40:03.957000,2023-04-15T21:40:03.894395Z,120,CE3DWF28,288,Education & Training,33,Female,White,United States,United States,United States,English,No,Full-Time
643b19a47625387217806314,6268a3f5379f921275a284f1,APPROVED,2023-04-15T21:39:50.884000Z,2023-04-15T21:41:36.978000Z,2023-04-15T21:41:37.460000,2023-04-15T21:41:37.373242Z,107,CE3DWF28,2237,Education & Training,57,Female,White,United States,United States,United States,English,No,Full-Time
643b19e23f3a8d1423141a79,63d405f7e050f2a0ac79492b,APPROVED,2023-04-15T21:41:00.098000Z,2023-04-15T21:43:36.114000Z,2023-04-15T21:43:36.823000,2023-04-15T21:43:36.740622Z,157,CE3DWF28,176,Education & Training,28,Female,White,United States,United States,United States,English,No,Full-Time
643b1a9836f8c72dca001a81,60fda57e0916dfe2157c9b00,APPROVED,2023-04-15T21:43:54.934000Z,2023-04-15T21:45:06.499000Z,2023-04-15T21:45:06.978000,2023-04-15T21:45:06.902391Z,72,CE3DWF28,1237,Education & Training,23,Female,White,United States,United States,United States,English,No,Full-Time
643b1ab6df3d6e0c32e6d676,60ff65ab803028f20f9e42a3,APPROVED,2023-04-15T21:44:26.388000Z,2023-04-15T21:45:51.841000Z,2023-04-15T21:45:52.306000,2023-04-15T21:45:52.238306Z,86,CE3DWF28,994,Education & Training,23,Female,White,United States,United States,United States,English,DATA_EXPIRED,DATA_EXPIRED
643b1ab7d7c4734d6ccd627e,610d9b503a4ae74e0624e644,APPROVED,2023-04-15T21:44:27.671000Z,2023-04-15T21:51:26.994000Z,2023-04-15T21:51:27.407000,2023-04-15T21:51:27.337287Z,420,CE3DWF28,354,Education & Training,51,Female,White,United States,United States,United States,English,No,Full-Time
643b1bd05a3722cee0cd61ef,5f98ab718920801c578363ab,APPROVED,2023-04-15T21:49:16.280000Z,2023-04-15T21:54:03.448000Z,2023-04-15T21:54:04.003000,2023-04-15T21:54:03.925331Z,288,CE3DWF28,3395,Education & Training,41,Female,Black,United States,United States,United States,English,DATA_EXPIRED,Full-Time
643b1c0fd785e3e80b60e488,5eadbd0338533245d9586905,APPROVED,2023-04-15T21:50:14.954000Z,2023-04-15T21:52:11.611000Z,2023-04-15T21:52:12.112000,2023-04-15T21:52:12.039010Z,117,CE3DWF28,487,Education & Training,36,Female,White,United States,United States,United States,English,Yes,Full-Time
643b1c322c45e3504d93d907,6117ba4fd05245c3cc387782,APPROVED,2023-04-15T21:50:44.218000Z,2023-04-15T21:51:37.157000Z,2023-04-15T21:51:37.605000,2023-04-15T21:51:37.510381Z,53,CE3DWF28,2685,Education & Training,21,Female,Other,United States,United States,United States,English,Yes,Part-Time
643b1cccf273c9fd2d51225d,5ed174832955ea0c743fead2,APPROVED,2023-04-15T21:53:18.785000Z,2023-04-15T21:55:21.081000Z,2023-04-15T21:55:21.608000,2023-04-15T21:55:21.544109Z,123,CE3DWF28,1949,Education & Training,40,Male,White,United States,United States,United States,English,No,Full-Time
643b1d985ac002a451992a7a,610cb2e82784ac6af6469fc5,APPROVED,2023-04-15T21:56:42.969000Z,2023-04-15T21:59:27.519000Z,2023-04-15T21:59:28.702000,2023-04-15T21:59:28.641384Z,165,CE3DWF28,2623,Education & Training,29,Female,White,United States,United States,United States,English,DATA_EXPIRED,Full-Time
